{
  "Total" : {
    "transaction" : "Total",
    "sampleCount" : 150,
    "errorCount" : 0,
    "errorPct" : 0.0,
    "meanResTime" : 526.4266666666667,
    "medianResTime" : 6.0,
    "minResTime" : 2.0,
    "maxResTime" : 3888.0,
    "pct1ResTime" : 2146.1000000000004,
    "pct2ResTime" : 2573.2999999999997,
    "pct3ResTime" : 3476.4300000000076,
    "throughput" : 17.653289396257502,
    "receivedKBytesPerSec" : 3.7179942185477226,
    "sentKBytesPerSec" : 3.606971578204072
  },
  "login" : {
    "transaction" : "login",
    "sampleCount" : 50,
    "errorCount" : 0,
    "errorPct" : 0.0,
    "meanResTime" : 5.12,
    "medianResTime" : 5.0,
    "minResTime" : 3.0,
    "maxResTime" : 10.0,
    "pct1ResTime" : 7.0,
    "pct2ResTime" : 7.449999999999996,
    "pct3ResTime" : 10.0,
    "throughput" : 10.189525168127165,
    "receivedKBytesPerSec" : 2.248860046871816,
    "sentKBytesPerSec" : 2.31851500407581
  },
  "add users" : {
    "transaction" : "add users",
    "sampleCount" : 50,
    "errorCount" : 0,
    "errorPct" : 0.0,
    "meanResTime" : 1569.1399999999999,
    "medianResTime" : 1487.5,
    "minResTime" : 219.0,
    "maxResTime" : 3888.0,
    "pct1ResTime" : 2753.1,
    "pct2ResTime" : 3033.7,
    "pct3ResTime" : 3888.0,
    "throughput" : 5.895531187359982,
    "receivedKBytesPerSec" : 1.220559191133121,
    "sentKBytesPerSec" : 1.4202242512675392
  },
  "homepage" : {
    "transaction" : "homepage",
    "sampleCount" : 50,
    "errorCount" : 0,
    "errorPct" : 0.0,
    "meanResTime" : 5.0200000000000005,
    "medianResTime" : 5.0,
    "minResTime" : 2.0,
    "maxResTime" : 12.0,
    "pct1ResTime" : 7.0,
    "pct2ResTime" : 7.8999999999999915,
    "pct3ResTime" : 12.0,
    "throughput" : 10.197838058331634,
    "receivedKBytesPerSec" : 2.0813946818274527,
    "sentKBytesPerSec" : 1.473906281868244
  }
}